n,method,mean_makespan,std_makespan,mean_time,std_time,mean_gap,std_gap
5,RS,311.0,0.0,0.028005304979160428,0.011912296064896787,0.0,0.0
5,SA,311.0,0.0,13.00498081499245,0.1583313569122103,0.0,0.0
